Topic,Count,Name,Representation,Representative_Docs
-1,930,-1_to_from_difficult_the,"['to', 'from', 'difficult', 'the', 'and', 'not', 'or', 'large', 'with', 'assistance']","['variable, and often ill-defined, potential for implantation and development to term', 'increased number of mobility impaired people living at home', 'caregiver may be required to lift the user']"
0,625,0_falls_aging_elderly_population,"['falls', 'aging', 'elderly', 'population', 'falling', 'injuries', 'monitoring', 'injury', 'fall', 'walking']","['risk of injury from falls', 'elderly individuals that are at risk of falling', 'falls in the elderly']"
1,221,1_multiple_embryo_gestations_mother,"['multiple', 'embryo', 'gestations', 'mother', 'fetuses', 'pregnancy', 'embryos', 'pregnancies', 'both', 'outcomes']","['multiple gestations have well-documented adverse outcomes for both the mother and fetuses', 'multiple gestations have well-documented adverse outcomes for both the mother and fetuses', 'multiple gestations have well-documented adverse outcomes for both the mother and fetuses']"
2,138,2_infertility_ovarian_syndrome_hyperstimulation,"['infertility', 'ovarian', 'syndrome', 'hyperstimulation', 'fertility', 'ohss', 'couples', 'premature', 'stimulation', '15']","['infertility', 'infertility', 'infertility']"
3,111,3_emergency_medical_response_problem,"['emergency', 'medical', 'response', 'problem', 'calls', 'common', 'conditions', 'services', 'misrouted', 'voip']","['individuals that have medical conditions that may require fast emergency response', 'medical emergency', 'medical emergency']"
4,99,4_medication_compliance_adherence_non,"['medication', 'compliance', 'adherence', 'non', 'medications', 'regimen', 'prescribed', 'taking', 'about', 'prescriptions']","['medication non-adherence', 'medication compliance', 'medication compliance']"
5,66,5_healthcare_delivery_care_dependence,"['healthcare', 'delivery', 'care', 'dependence', 'upon', 'cost', 'home', 'general', 'jostling', 'resources']","['dependence upon the delivery of home health and general care', 'dependence upon the delivery of home health and general care', 'dependence upon the delivery of home health and general care']"
6,43,6_position_strength_standing_seated,"['position', 'strength', 'standing', 'seated', 'stand', 'sitting', 'flexibility', 'supported', 'impossible', 'transitioning']","['difficult or impossible for certain people to sit or stand from a seated position on a chair', 'difficult in rising from the sitting position to the standing position', 'difficulty in moving a person from a seated position to a standing position']"
7,38,7_retirement_benefits_funded_plans,"['retirement', 'benefits', 'funded', 'plans', 'pension', 'employer', 'income', 'benefit', 'employers', 'insufficient']","['decrease in the number of employers that offer defined retirement benefit pension plans', 'decrease in the number of employers that offer defined retirement benefit pension plans', 'decrease in the number of employers that offer defined retirement benefit pension plans']"
8,26,8_positioning_recognize_posture_cannot,"['positioning', 'recognize', 'posture', 'cannot', 'body', 'sensors', 'worn', 'pedometers', 'store', 'consumption']","['cannot recognize the human body positioning and posture', 'wearable devices cannot recognize the human body positioning and posture', 'wearable devices cannot recognize the human body positioning and posture']"
9,23,9_lifting_lift_moving_rolling,"['lifting', 'lift', 'moving', 'rolling', 'manual', 'demanding', 'mechanical', 'manually', 'type', 'part']","['manual moving, lifting, and/or rolling of the patient', 'manual moving, lifting, and/or rolling of the patient', 'manual moving, lifting, and/or rolling of the patient']"
10,14,10_wheelchairs_wheelchair_motorized_special,"['wheelchairs', 'wheelchair', 'motorized', 'special', 'standard', 'vehicles', 'tilting', 'everyday', 'improvements', 'versatility']","['special wheelchair vehicles are expensive', 'motorized wheelchairs are relatively expensive', 'motorized wheelchairs are relatively expensive']"
11,14,11_alone_living_themselves_individuals,"['alone', 'living', 'themselves', 'individuals', 'being', 'lives', 'private', 'larger', 'immobile', 'by']","['individuals living by themselves', 'individuals living by themselves', 'individuals living by themselves']"
12,14,12_supervision_continuous_general_necessary,"['supervision', 'continuous', 'general', 'necessary', 'as', 'care', 'well', 'urgent', 'medical', 'assistant']","['continuous general supervision and care', 'continuous general supervision and care', 'continuous general supervision and care']"
13,14,13_traffic_road_misbehavior_regulations,"['traffic', 'road', 'misbehavior', 'regulations', 'laws', 'requirements', 'regulation', 'accidents', 'awareness', 'safety']","['traffic accidents', 'traffic accidents', 'traffic safety']"
14,13,14_sporadic_nature_nurses_visits,"['sporadic', 'nature', 'nurses', 'visits', 'home', 'by', 'visiting', 'follow', 'done', 'which']","['sporadic nature of home visits by nurses', 'sporadic nature of home visits by nurses', 'sporadic nature of home visits by nurses']"
15,13,15_pneumonia_late_admission_increases,"['pneumonia', 'late', 'admission', 'increases', 'admissions', 'hospital', 'overall', '10', 'exacerbations', 'copd']","['late admission increases the risk of pneumonia', 'late admission increases the risk of pneumonia', 'late admission increases the risk of pneumonia']"
16,13,16_food_eating_cooking_recognition,"['food', 'eating', 'cooking', 'recognition', 'quantities', 'directions', 'preparations', 'preparation', 'intake', 'confusion']","['confusion about appropriate quantities of food intake', 'confusion about appropriate quantities of food intake', 'confusion about appropriate quantities of food intake']"
17,13,17_implantation_implant_lower_failure,"['implantation', 'implant', 'lower', 'failure', 'rates', 'poorly', 'success', 'low', 'successful', 'rate']","['implantation failure', 'implantation failure', 'implantation failure']"
18,12,18_bone_fractures_fracture_lengthy,"['bone', 'fractures', 'fracture', 'lengthy', 'hip', 'resulting', 'treatment', 'costly', 'shoulder', 'vertebral']","['resulting bone fractures can require lengthy and costly treatment', 'resulting bone fractures can require lengthy and costly treatment', 'resulting bone fractures can require lengthy and costly treatment']"
19,12,19_continuous_facilities_no_monitoring,"['continuous', 'facilities', 'no', 'monitoring', 'blood', 'patient', 'saturation', 'sampling', 'proximity', 'oxygen']","['no facilities for continuous monitoring of the patient', 'no facilities for continuous monitoring of the patient', 'no facilities for continuous monitoring of the patient']"
20,12,20_generally_consuming_very_visits,"['generally', 'consuming', 'very', 'visits', 'expensive', 'time', 'home', 'simple', 'intrusive', 'therapist']","['time consuming and generally very expensive home visits', 'time consuming and generally very expensive home visits', 'time consuming and generally very expensive home visits']"
21,11,21_capabilities_cognitive_reduced_load,"['capabilities', 'cognitive', 'reduced', 'load', 'cognition', 'optimal', 'sub', 'attention', 'requiring', 'immediate']","['reduced cognitive capabilities', 'reduced cognitive capabilities', 'reduced cognitive capabilities']"
22,11,22_ivf_et_ideal_success,"['ivf', 'et', 'ideal', 'success', 'cycles', 'less', 'diverse', 'experiments', 'failure', 'rate']","['failure of ivf', 'less than ideal success rate of ivf/et', 'less than ideal success rate of ivf/et']"
23,11,23_reduced_mobility_decreases_decreased,"['reduced', 'mobility', 'decreases', 'decreased', 'decrease', 'conditions', 'in', '', '', '']","['reduced mobility', 'reduced mobility', 'reduced mobility']"
24,11,24_nonexistent_minimal_equipment_facilities,"['nonexistent', 'minimal', 'equipment', 'facilities', 'drying', 'washing', 'at', 'monitoring', 'usually', 'improper']","['minimal or nonexistent monitoring equipment at home care facilities', 'minimal or nonexistent monitoring equipment at home care facilities', 'minimal or nonexistent monitoring equipment at home care facilities']"
25,11,25_fast_user_personal_weak,"['fast', 'user', 'personal', 'weak', 'uncomfortably', 'actions', 'relatively', 'uncomfortable', 'response', 'needs']","['fast response to personal needs', 'fast response to personal needs', 'fast response to personal needs']"
26,10,26_depression_severe_suicidal_thoughts,"['depression', 'severe', 'suicidal', 'thoughts', 'risks', 'for', '', '', '', '']","['depression', 'depression', 'depression']"
27,10,27_back_injuries_lower_injury,"['back', 'injuries', 'lower', 'injury', 'carers', 'backs', 'ligaments', 'leg', 'happen', 'particularly']","['back injury', 'back injuries', 'back injuries']"
28,10,28_late_increases_admission_hypothermia,"['late', 'increases', 'admission', 'hypothermia', 'dehydration', 'risk', 'ulcers', 'pressure', 'the', 'of']","['late admission increases the risk of hypothermia', 'late admission increases the risk of hypothermia', 'late admission increases the risk of hypothermia']"
29,10,29_wearing_neglect_bath_re,"['wearing', 'neglect', 'bath', 're', 'getting', 'out', 'elders', 'bed', 'when', 'seatbelts']","['elders neglect re-wearing when getting out of bed or bath', 'elders neglect re-wearing when getting out of bed or bath', 'elders neglect re-wearing when getting out of bed or bath']"
30,9,30_dangerous_shock_potentially_characterized,"['dangerous', 'shock', 'potentially', 'characterized', 'predictive', 'hazardous', 'anomalous', 'before', 'situations', 'situation']","['potential hazardous situations characterized by inactivity', 'potentially dangerous situation', 'potentially dangerous situation']"
31,9,31_factors_genetic_environmental_diet,"['factors', 'genetic', 'environmental', 'diet', 'influences', 'stress', 'such', 'as', 'and', '']","['genetic factors', 'genetic factors', 'genetic factors']"
32,9,32_muscles_muscle_joints_fascia,"['muscles', 'muscle', 'joints', 'fascia', 'weaker', 'flexible', 'hypotonia', 'tighten', 'begin', 'breaking']","['muscles and joints tighten', 'compression causes muscle cells to begin breaking down', 'fascia surrounding the muscles and the joints becomes tight and less flexible']"
33,9,33_office_doctor_diagnostic_transported,"['office', 'doctor', 'diagnostic', 'transported', 'facility', 'has', 'periodic', 'transfers', 'other', 'patient']","[""patient has to be transported to the doctor's office or other diagnostic facility"", ""patient has to be transported to the doctor's office or other diagnostic facility"", ""patient has to be transported to the doctor's office or other diagnostic facility""]"
34,9,34_surgery_prosthetic_replacements_geriatric,"['surgery', 'prosthetic', 'replacements', 'geriatric', 'lower', 'surgeries', 'foot', 'appropriate', 'leg', 'extremity']","['lower leg surgery', 'appropriate prosthetic care for geriatric patients', 'appropriate prosthetic care for geriatric patients']"
35,9,35_diabetes_diseases_arthritis_disease,"['diabetes', 'diseases', 'arthritis', 'disease', '', '', '', '', '', '']","['diabetes', 'diabetes', 'diabetes']"
36,9,36_feasible_supervision_continuous_economically,"['feasible', 'supervision', 'continuous', 'economically', 'maintenance', 'experts', 'is', 'manual', 'ongoing', 'setup']","['continuous supervision is not feasible', 'continuous supervision is not feasible', 'continuous supervision is not feasible']"
37,9,37_cycle_29_just_was,"['cycle', '29', 'just', 'was', 'birth', 'per', 'live', 'following', 'ivf', 'rate']","['live birth rate, per cycle, following ivf was just 29%', 'live birth rate, per cycle, following ivf was just 29%', 'live birth rate, per cycle, following ivf was just 29%']"
38,9,38_power_powered_electricity_options,"['power', 'powered', 'electricity', 'options', 'battery', 'source', 'prone', 'acquisition', 'replacement', 'charging']","['powered options require electricity', 'powered options require electricity', 'powered options require electricity and some power source']"
39,9,39_aneuploidy_aneuploid_chromosomal_abnormalities,"['aneuploidy', 'aneuploid', 'chromosomal', 'abnormalities', 'phenotypes', 'aberrant', 'aneuploidies', 'conceptuses', 'trisomic', 'mosaicism']","['chromosomal abnormalities', 'inability to predict aneuploidy rates', 'chromosomal abnormalities, or aneuploidy']"
40,8,40_nursing_homes_medicate_because,"['nursing', 'homes', 'medicate', 'because', 'entering', 'so', 'self', '40', 'admissions', 'residents']","['admissions to nursing homes', '40% of people entering nursing homes do so because they are unable to self-medicate', '40% of people entering nursing homes do so because they are unable to self-medicate']"
41,8,41_challenged_physically_limitation_individuals,"['challenged', 'physically', 'limitation', 'individuals', 'patient', 'physical', '', '', '', '']","['physically challenged individuals', 'physically challenged individuals', 'physically challenged individuals']"
42,8,42_undesirable_invasive_adequate_live,"['undesirable', 'invasive', 'adequate', 'live', 'transfer', 'friendly', 'may', 'necessity', 'care', 'be']","['live-in care may be undesirable and invasive', 'live-in care may be undesirable and invasive', 'live-in care may be undesirable and invasive']"
43,8,43_citizens_senior_seniors_disoriented,"['citizens', 'senior', 'seniors', 'disoriented', 'missing', 'needs', 'rise', 'become', 'number', 'in']","['senior citizens', 'senior citizens', 'senior citizens']"
44,8,44_injured_contact_way_help,"['injured', 'contact', 'way', 'help', 'without', 'being', 'ambulance', 'driveway', 'embarrassment', 'trucks']","['risk of being injured without a way to contact help', 'risk of being injured without a way to contact help', 'risk of being injured without a way to contact help']"
45,8,45_concepts_instructions_understand_declines,"['concepts', 'instructions', 'understand', 'declines', 'sudden', 'diminished', 'responses', 'orientation', 'awareness', 'ability']","['diminished ability to understand concepts or instructions', 'diminished ability to understand concepts or instructions', 'diminished ability to understand concepts or instructions']"
46,8,46_congestion_traffic_collisions_chaos,"['congestion', 'traffic', 'collisions', 'chaos', '', '', '', '', '', '']","['traffic congestion', 'traffic congestion', 'traffic congestion']"
47,8,47_their_support_legs_upright,"['their', 'support', 'legs', 'upright', 'torso', 'weight', 'unable', 'hold', 'balance', 'upper']","['unable to support their weight on their legs', 'unable to support their weight on their legs', 'unable to support their weight on their legs']"
48,8,48_wearable_protection_inconvenience_acceptance,"['wearable', 'protection', 'inconvenience', 'acceptance', 'devices', 'caused', 'prefer', 'suffer', 'transmitter', 'necessity']","['wearable devices suffer from limited acceptance and use', 'inconvenience caused by wearable protection devices', 'inconvenience caused by wearable protection devices']"
49,8,49_egg_quality_decline_eggs,"['egg', 'quality', 'decline', 'eggs', 'fecundity', 'production', 'decreased', 'variable', 'impaired', 'poor']","['decline in egg quality', 'decline in egg quality', 'decline in egg quality']"
50,8,50_want_unprotected_go_injure,"['want', 'unprotected', 'go', 'injure', 'left', 'vulnerable', 'victims', 'prison', 'protect', 'event']","['limited use to protect victims of domestic violence', 'left unprotected in the event that they want to go out', 'left unprotected in the event that they want to go out']"
51,8,51_detects_miss_alarms_false,"['detects', 'miss', 'alarms', 'false', 'rate', 'automatic', 'high', 'detection', 'threats', 'harm']","['high rate of false alarms and miss-detects', 'high rate of false alarms and miss-detects', 'high rate of false alarms and miss-detects']"
52,7,52_transportation_unexpectedly_trips_tripping,"['transportation', 'unexpectedly', 'trips', 'tripping', 'modes', 'straying', 'pets', 'trip', 'breakdown', 'infrastructure']","['unexpectedly trips over', 'pets straying too far from a home location', 'expensive transportation modes']"
53,7,53_collapsibility_limited__,"['collapsibility', 'limited', '', '', '', '', '', '', '', '']","['limited collapsibility', 'limited collapsibility', 'limited collapsibility']"
54,7,54_culture_environments_removal_tightly,"['culture', 'environments', 'removal', 'tightly', 'controlled', 'assessments', 'vivo', 'operated', 'incubator', 'standardized']","['in vitro culture environments differ from in vivo environments', 'removal from tightly controlled culture environments during manual assessments', 'removal from tightly controlled culture environments during manual assessments']"
55,7,55_configuration_bulky__,"['configuration', 'bulky', '', '', '', '', '', '', '', '']","['bulky configuration', 'bulky configuration', 'bulky configuration']"
56,7,56_assault_aggravated_violence_domestic,"['assault', 'aggravated', 'violence', 'domestic', 'abuse', 'scared', 'confused', 'victim', 'physical', 'and']","['violence and domestic abuse', 'aggravated assault', 'aggravated assault']"
57,7,57_allow_technologies_available_if,"['allow', 'technologies', 'available', 'if', 'capable', 'specific', 'given', 'finding', 'away', 'locations']","['current technologies available allow for assistance to be given to a person if the person is at specific location', 'current technologies available allow for a person to be capable of finding assistance themselves if they are away from those locations', 'current technologies available allow for a person to be capable of finding assistance themselves if they are away from those locations']"
58,7,58_battery_disadvantages_share_prior,"['battery', 'disadvantages', 'share', 'prior', 'structural', 'adds', 'this', 'form', 'art', 'devices']","['disadvantages of prior art devices', 'disadvantages of prior art devices', 'storage for this power in battery form adds weight']"
59,7,59_lh_levels_premature_surge,"['lh', 'levels', 'premature', 'surge', 'serum', 'surges', 'fsh', 'low', 'stimulation', 'poor']","['low lh levels', 'low lh levels', 'low lh levels']"
60,7,60_disabled_disability_permanently_temporarily,"['disabled', 'disability', 'permanently', 'temporarily', 'totally', 'or', '', '', '', '']","['disabled', 'disabled', 'temporarily or permanently totally disabled']"
61,7,61_dementia_onset_alzheimer_disease,"['dementia', 'onset', 'alzheimer', 'disease', 'of', '', '', '', '', '']","['dementia', 'dementia', 'dementia']"
62,7,62_conceiving_conceive_difficulty_inability,"['conceiving', 'conceive', 'difficulty', 'inability', 'difficulties', 'in', 'to', '', '', '']","['difficulty conceiving', 'difficulty conceiving', 'difficulty conceiving']"
63,7,63_fear_psychological_effects_anxiety,"['fear', 'psychological', 'effects', 'anxiety', 'high', 'panic', 'confusion', 'of', 'or', '']","['high psychological effects of fear', 'high psychological effects of fear', 'high psychological effects of fear']"
64,7,64_unsafe_uncomfortable_try_dropping,"['unsafe', 'uncomfortable', 'try', 'dropping', 'patient', 'canvas', 'family', 'inconvenient', 'sling', 'staff']","['uncomfortable and unsafe for the patient', 'uncomfortable and unsafe for the patient', 'uncomfortable and unsafe for the patient']"
65,7,65_acuity_visual_limited_diminished,"['acuity', 'visual', 'limited', 'diminished', '', '', '', '', '', '']","['limited visual acuity', 'limited visual acuity', 'limited visual acuity']"
66,7,66_traumatic_psychologically_implications_ethical,"['traumatic', 'psychologically', 'implications', 'ethical', 'failures', 'trauma', 'repeated', 'psychological', 'patient', 'treatment']","['psychologically traumatic for a patient', 'psychologically traumatic for a patient', 'psychologically traumatic for a patient']"
67,6,67_dexterity_diminishing_reduced_,"['dexterity', 'diminishing', 'reduced', '', '', '', '', '', '', '']","['diminishing dexterity', 'diminishing dexterity', 'diminishing dexterity']"
68,6,68_heat_exhaustion_incidences_hazard,"['heat', 'exhaustion', 'incidences', 'hazard', 'risk', 'conditions', 'related', 'health', 'to', '']","['risk to heat exhaustion', 'risk to heat exhaustion', 'risk to heat exhaustion']"
69,6,69_buy_goods_value_fair,"['buy', 'goods', 'value', 'fair', 'buyers', 'willing', 'finding', 'difficulties', 'merchandise', 'retail']","['difficulties finding buyers willing to buy their goods for a fair value', 'difficulties finding buyers willing to buy their goods for a fair value', 'difficulties finding buyers willing to buy their goods for a fair value']"
70,6,70_small_members_caregiver_otherwise,"['small', 'members', 'caregiver', 'otherwise', 'infirm', 'lacking', 'household', 'burden', 'family', 'strength']","['caregiver being elderly or otherwise infirm', 'caregiver is small and/or lacking in strength', 'caregiver is small and/or lacking in strength']"
71,6,71_discomfort_serious_impaired_individual,"['discomfort', 'serious', 'impaired', 'individual', 'injury', 'mobility', 'full', 'movements', 'potentially', 'legs']","['serious discomfort or injury for the mobility-impaired individual', 'serious discomfort or injury for the mobility-impaired individual', 'serious discomfort or injury for the mobility-impaired individual']"
72,6,72_vulgarity_harassing_impotence_bloating,"['vulgarity', 'harassing', 'impotence', 'bloating', '', '', '', '', '', '']","['harassing', 'vulgarity', 'harassing']"
73,6,73_network_location_rely_bid,"['network', 'location', 'rely', 'bid', 'dispatchable', 'existing', 'updates', 'requesting', 'through', 'directly']","['existing systems rely on the psap requesting location updates through a “re-bid” process', 'existing location technologies rely on the network to identify the dispatchable location', 'existing location technologies rely on the network to identify the dispatchable location']"
74,6,74_weather_political_news_developments,"['weather', 'political', 'news', 'developments', 'commodity', 'regarding', 'access', 'factors', 'lack', 'and']","['lack of access to news regarding commodity, weather, and political developments', 'lack of access to news regarding commodity, weather, and political developments', 'lack of access to news regarding commodity, weather, and political developments']"
75,6,75_menopause_withdrawal_estrogen_estradiol,"['menopause', 'withdrawal', 'estrogen', 'estradiol', 'elevated', 'symptoms', '', '', '', '']","['menopause', 'menopause', 'menopause']"
76,6,76_neurological_functionality_physiological_locomotive,"['neurological', 'functionality', 'physiological', 'locomotive', 'illnesses', 'paralysis', 'responses', 'impact', 'limitations', 'conditions']","['neurological physiological functionality', 'neurological physiological functionality', 'neurological physiological functionality']"
77,6,77_automation_setting_machine_intelligence,"['automation', 'setting', 'machine', 'intelligence', 'artificial', 'based', 'designed', 'home', 'utilize', 'systems']","['not designed for a home setting', 'need for improved home automation systems', 'need for home automation systems that utilize machine learning and artificial intelligence']"
78,6,78_crime_crimes_property_violent,"['crime', 'crimes', 'property', 'violent', 'illegal', 'countries', 'prevention', 'certain', 'in', '']","['crime prevention', 'property crime', 'property crime']"
79,6,79_dangerous_condition_traverse_terrain,"['dangerous', 'condition', 'traverse', 'terrain', 'challenging', 'any', 'used', 'situation', 'when', 'more']","['dangerous condition', 'dangerous condition', 'dangerous condition']"
80,6,80_spends_longer_helpless_situation,"['spends', 'longer', 'helpless', 'situation', 'spend', 'she', 'had', 'he', 'person', 'likely']","['the longer a person spends in a helpless situation', 'longer a person spends in a helpless situation', 'longer a person spends in a helpless situation']"
81,6,81_irritations_usage_skin_might,"['irritations', 'usage', 'skin', 'might', 'lead', 'long', 'wearable', 'term', 'user', 'devices']","['long term usage of wearable devices might lead to user skin irritations', 'long term usage of wearable devices might lead to user skin irritations', 'long term usage of wearable devices might lead to user skin irritations']"
82,6,82_immunological_autoimmune_reactions_viral,"['immunological', 'autoimmune', 'reactions', 'viral', 'autoantibodies', 'infection', 'factors', 'increased', '', '']","['immunological factors', 'autoimmune reactions', 'autoimmune reactions']"
83,6,83_farmers_advantage_middlemen_access,"['farmers', 'advantage', 'middlemen', 'access', 'information', 'taking', 'lack', 'date', 'relevant', 'often']","['middlemen taking advantage of farmers lack of access to information', 'middlemen taking advantage of the farmers lack of access to information', 'middlemen taking advantage of the farmers lack of access to information']"
84,6,84_perception_image_acceptance_elders,"['perception', 'image', 'acceptance', 'elders', 'issues', 'due', 'elder', 'use', 'growing', 'limited']","[""limited acceptance and use due to elders' perception and image issues"", ""limited acceptance and use due to elders' perception and image issues"", ""limited acceptance and use due to elders' perception and image issues""]"
85,6,85_reattachment_wears_patience_device,"['reattachment', 'wears', 'patience', 'device', 'lost', 'secured', 'removing', 'clamping', 'embarrassing', 'repeated']","['risks the device being lost', 'position of the clamping device is not secured', 'repeated removing/reattachment wears down both the device and patience of the user']"
86,6,86_death_seizures_illness_epileptic,"['death', 'seizures', 'illness', 'epileptic', 'mortality', 'sudden', '', '', '', '']","['death', 'sudden illness', 'epileptic seizures']"
87,6,87_felt_anxiety_ones_loved,"['felt', 'anxiety', 'ones', 'loved', 'disabled', 'living', 'by', 'alone', 'their', 'elderly']","['anxiety felt by their loved ones', 'anxiety felt by their loved ones', 'anxiety felt by their loved ones']"
88,6,88_limit_wheels_collapsible_storable,"['limit', 'wheels', 'collapsible', 'storable', 'assistive', 'lightweight', 'which', 'device', 'mobility', 'easily']","[""conditions which limit the patient's mobility"", 'wheels may make the ambulatory assist device move more quickly', 'need for a lightweight, easily collapsible, portable, and storable assistive mobility device']"
89,6,89_memory_reduction_function_cognitive,"['memory', 'reduction', 'function', 'cognitive', 'short', 'increasing', 'loss', 'long', 'term', 'age']","['reduction in memory and cognitive function', 'reduction in memory and cognitive function', 'reduction in memory and cognitive function']"
90,6,90_stroke_attack_heart_,"['stroke', 'attack', 'heart', '', '', '', '', '', '', '']","['stroke', 'stroke', 'stroke']"
91,6,91_distress_stressors_prompt_coping,"['distress', 'stressors', 'prompt', 'coping', 'great', 'various', 'possible', 'personal', 'treatment', 'success']","['individual in distress', 'distress', 'distress']"
92,6,92_nervous_integrated_central_functions,"['nervous', 'integrated', 'central', 'functions', 'irreversible', 'system', 'loss', 'function', 'of', '']","['loss of integrated central nervous system functions', 'loss of integrated central nervous system functions', 'loss of integrated central nervous system functions']"
93,6,93_eat_forgetting_forgetfulness_to,"['eat', 'forgetting', 'forgetfulness', 'to', '', '', '', '', '', '']","['forgetting to eat', 'forgetting to eat', 'forgetting to eat']"
94,6,94_lifted_frequently_transferred_must,"['lifted', 'frequently', 'transferred', 'must', 'lifts', 'reluctance', 'be', 'use', 'bulky', 'generally']","['must be frequently lifted and transferred', 'must be frequently lifted and transferred', 'must be frequently lifted and transferred']"
95,6,95_preeclampsia_hypertensive_disorders_leading,"['preeclampsia', 'hypertensive', 'disorders', 'leading', 'cause', 'pregnancy', 'of', '', '', '']","['preeclampsia', 'preeclampsia', 'preeclampsia']"
96,5,96_strain_bending_knee_upper,"['strain', 'bending', 'knee', 'upper', 'wrist', 'body', '', '', '', '']","['knee bending', 'upper body strain', 'upper body strain']"
97,5,97_disorders_cognitive_related_function,"['disorders', 'cognitive', 'related', 'function', '', '', '', '', '', '']","['related cognitive disorders', 'related cognitive disorders', 'related cognitive disorders']"
98,5,98_investment_sophistication_determine_vehicles,"['investment', 'sophistication', 'determine', 'vehicles', 'needed', 'appropriate', 'transfers', 'lack', 'balance', 'of']","['lack of sophistication needed to determine appropriate investment vehicles', 'lack of sophistication needed to determine appropriate investment vehicles', 'lack of sophistication needed to determine appropriate investment vehicles']"
99,5,99_negative_effects_caretaker_psychological,"['negative', 'effects', 'caretaker', 'psychological', 'influences', 'undesirable', 'physiological', 'on', 'levels', 'mother']","['negative physiological effects on the patient', 'negative psychological effects on the patient', 'negative psychological effects on the patient']"
100,5,100_wheelchair_vehicle_provision_brace,"['wheelchair', 'vehicle', 'provision', 'brace', 'scooters', 'elevated', 'capability', 'cross', 'tilt', 'foldable']","['moving the user from the wheelchair to a vehicle may be difficult', 'traditional cross-brace of a foldable wheelchair with no seat tilt capability', 'moving the user from the wheelchair to a vehicle may be difficult']"
101,5,101_experiencing_alone_higher_being,"['experiencing', 'alone', 'higher', 'being', 'an', 'emergency', 'faced', 'might', 'risk', 'problem']","['higher risk of being alone and experiencing an emergency', 'higher risk of being alone and experiencing an emergency', 'higher risk of being alone and experiencing an emergency']"
102,5,102_heart_attack_coronary_disease,"['heart', 'attack', 'coronary', 'disease', 'events', '', '', '', '', '']","['heart disease', 'heart attack', 'heart attack']"
103,5,103_personal_existing_connection_response,"['personal', 'existing', 'connection', 'response', 'wearable', 'bluetooth', 'pers', 'systems', 'fi', 'wi']","['existing personal emergency response systems (pers) are wearable devices', 'existing personal emergency response systems are wearable devices', 'existing personal emergency response systems are wearable devices']"
104,5,104_activity_evaluating_patterns_valid,"['activity', 'evaluating', 'patterns', 'valid', 'minimum', 'physical', 'measuring', 'wear', 'challenging', 'amount']","['minimum amount of wear time is required for valid assessment of physical activity', 'monitoring and evaluating physical activity patterns', 'monitoring and evaluating physical activity patterns']"
105,5,105_variable_potential_term_implantation,"['variable', 'potential', 'term', 'implantation', 'development', 'ill', 'defined', 'often', 'for', 'and']","['variable potential for implantation and development to term', 'variable potential for implantation and development to term', 'variable potential for implantation and development to term']"
106,5,106_mainly_experiencing_used_pers,"['mainly', 'experiencing', 'used', 'pers', 'after', 'wearable', 'relative', 'fall', 'stumble', 'ambulatory']","['wearable pers are used mainly after experiencing a fall', 'wearable pers are used mainly after experiencing a fall', 'wearable pers are used mainly after experiencing a fall']"
107,5,107_noisy_inherently_images_biological,"['noisy', 'inherently', 'images', 'biological', 'boundaries', 'missing', 'nature', 'cell', 'false', 'or']","['inherently noisy nature of biological images', 'inherently noisy nature of biological images', 'inherently noisy nature of biological images']"
108,5,108_occupational_worker_givers_injuries,"['occupational', 'worker', 'givers', 'injuries', 'work', 'care', 'related', 'to', 'the', '']","['worker injuries', 'occupational injuries to the care givers', 'occupational injuries to the care givers']"
109,5,109_efficient_proper_providing_mistreatment,"['efficient', 'proper', 'providing', 'mistreatment', 'individuals', 'care', 'for', 'person', 'and', 'in']","['providing proper and efficient care for individuals', 'providing proper and efficient care for individuals', 'providing proper and efficient care for individuals']"
110,5,110_capacity_decreased_reduced_mental,"['capacity', 'decreased', 'reduced', 'mental', 'activity', '', '', '', '', '']","['reduced capacity', 'reduced capacity', 'reduced capacity']"
111,5,111_morphological_subjective_inaccurate_assessment,"['morphological', 'subjective', 'inaccurate', 'assessment', 'predictive', 'poorly', 'morphologic', 'evaluations', 'nature', 'imaging']","['subjective morphological evaluations', 'subjective and inaccurate nature of morphological assessment', 'subjective and inaccurate nature of morphological assessment']"
112,5,112_ulcers_sores_pressure_dyspareunia,"['ulcers', 'sores', 'pressure', 'dyspareunia', 'painful', 'bed', 'or', '', '', '']","['pressure ulcers', 'painful pressure ulcers or bed sores', 'pressure ulcers']"
113,5,113_loneliness_relief_anxiety_and,"['loneliness', 'relief', 'anxiety', 'and', 'of', '', '', '', '', '']","['relief of loneliness and anxiety', 'relief of loneliness and anxiety', 'relief of loneliness and anxiety']"
114,5,114_decrease_cognitive_ability_mobility,"['decrease', 'cognitive', 'ability', 'mobility', 'impaired', 'or', 'in', '', '', '']","['decrease in mobility or cognitive ability', 'decrease in mobility or cognitive ability', 'decrease in mobility or cognitive ability']"
115,5,115_frailty_diagnosis_diagnose_developing,"['frailty', 'diagnosis', 'diagnose', 'developing', 'unmet', 'methods', 'systems', 'devices', 'need', 'in']","['frailty', 'frailty', 'frailty']"
116,5,116_image_bandwidth_wish_direct,"['image', 'bandwidth', 'wish', 'direct', 'holographic', 'lenses', 'whenever', 'towards', 'transparent', 'blurring']","['users must still change their focus whenever they wish to view the projected image', 'holographic systems can introduce image blurring due to bandwidth generated problems', 'existing systems typically use lenses that direct an image towards a partially transparent surface']"
117,5,117_smell_loss_hearing_increased,"['smell', 'loss', 'hearing', 'increased', 'of', '', '', '', '', '']","['loss of smell', 'loss of smell', 'loss of smell']"
118,5,118_chromosome_error_segregation_placement,"['chromosome', 'error', 'segregation', 'placement', 'increased', 'abnormalities', 'structure', 'rate', 'errors', 'in']","['increased chromosome error rate', 'increased chromosome error rate', 'increased chromosome error rate']"
119,5,119_discomfort_substantial_rigid_physical,"['discomfort', 'substantial', 'rigid', 'physical', 'uncomfortable', 'generally', 'and', '', '', '']","['physical discomfort', 'physical discomfort', 'physical discomfort']"
120,5,120_connectivity_wi_fi_features,"['connectivity', 'wi', 'fi', 'features', 'network', 'measures', 'incorporate', 'other', 'social', 'limited']","['limited connectivity and features', 'lack of wi-fi or other network connectivity', 'lack of wi-fi or other network connectivity']"
121,5,121_buckling_knee_joint_acting,"['buckling', 'knee', 'joint', 'acting', 'msds', 'spine', 'amount', 'increase', 'musculoskeletal', 'pain']","['increase in the amount of stress acting on the spine', 'risk of buckling of the knee joint', 'risk of buckling of the knee joint']"
122,4,122_injuring_person_that_,"['injuring', 'person', 'that', '', '', '', '', '', '', '']","['injuring that person', 'injuring that person', 'injuring that person']"
123,4,123_locomotion_too_heavy_manual,"['locomotion', 'too', 'heavy', 'manual', 'agent', 'forward', 'step', 'leg', 'cannot', 'lift']","['too heavy for manual locomotion', 'too heavy for manual locomotion', 'too heavy for manual locomotion']"
124,4,124_program_continue_whether_uncertainty,"['program', 'continue', 'whether', 'uncertainty', 'viable', 'remain', 'will', 'security', 'social', 'medicament']","['uncertainty whether the social security program will continue to remain viable', 'uncertainty whether the social security program will continue to remain viable', 'uncertainty whether the social security program will continue to remain viable']"
125,4,125_decline_cognitive_age_related,"['decline', 'cognitive', 'age', 'related', '', '', '', '', '', '']","['age-related cognitive decline', 'age-related cognitive decline', 'age-related cognitive decline']"
126,4,126_absorbing_synovial_swelling_stops,"['absorbing', 'synovial', 'swelling', 'stops', 'partial', 'backaches', 'nourishing', 'inflammation', 'fluid', 'wrist']","['decreased swelling and inflammation of joints', 'body stops producing enough joint nourishing, shock absorbing synovial fluid', 'multiple causes such as injury, disease, partial paralysis, balance issues, excessive weight, advancing age and other limiting conditions']"
127,4,127_car_accident_driver_reckless,"['car', 'accident', 'driver', 'reckless', 'driving', 'error', '', '', '', '']","['driver error', 'car accident', 'car accident']"
128,4,128_losses_economic_substantial_emotional,"['losses', 'economic', 'substantial', 'emotional', 'costs', 'financial', 'and', '', '', '']","['economic losses', 'substantial economic and emotional costs', 'economic losses']"
129,4,129_take_prescribed_treatment_heart,"['take', 'prescribed', 'treatment', 'heart', 'disease', 'medication', 'failure', 'diabetes', 'including', 'consequences']","['failure to take a prescribed medication for treatment of heart disease', 'failure to take a prescribed medication for treatment of heart disease', 'failure to take a prescribed medication for treatment of heart disease']"
130,4,130_upper_dexterity_body_strength,"['upper', 'dexterity', 'body', 'strength', 'reduced', 'or', '', '', '', '']","['reduced dexterity or upper-body strength', 'reduced dexterity or upper-body strength', 'reduced dexterity or upper-body strength']"
131,4,131_stresses_localized_pressure_inguinal,"['stresses', 'localized', 'pressure', 'inguinal', 'exerted', 'area', 'high', 'amount', 'on', 'patient']","['high localized pressure stresses on the patient', 'high localized pressure stresses on the patient', 'high localized pressure stresses on the patient']"
132,4,132_taker_anxiety_levels_checked,"['taker', 'anxiety', 'levels', 'checked', 'respond', 'does', 'cause', 'high', 'care', 'when']","['high levels of care taker anxiety', 'high levels of care taker anxiety', 'high levels of care taker anxiety']"
133,4,133_appetite_loss_of_,"['appetite', 'loss', 'of', '', '', '', '', '', '', '']","['loss of appetite', 'loss of appetite', 'loss of appetite']"
134,4,134_shear_stresses_localized_pressure,"['shear', 'stresses', 'localized', 'pressure', 'high', 'on', 'and', 'patient', 'the', '']","['high localized shear and pressure stresses', 'high localized shear and pressure stresses', 'high localized shear and pressure stresses']"
135,4,135_curve_learning_given_will,"['curve', 'learning', 'given', 'will', 'year', 'these', 'associated', 'fall', 'systems', 'with']","['1 in 3 will fall in a given year', 'learning curve associated with these systems', 'learning curve associated with these systems']"
136,4,136_tilt_sensing_orientation_sensor,"['tilt', 'sensing', 'orientation', 'sensor', 'drawbacks', 'has', '', '', '', '']","['orientation sensing', 'tilt sensor drawbacks', 'tilt sensor has drawbacks']"
137,4,137_accident_times_supervision_no,"['accident', 'times', 'supervision', 'no', 'emergency', 'or', 'in', 'of', '', '']","['no supervision in times of accident or emergency', 'no supervision in times of accident or emergency', 'no supervision in times of accident or emergency']"
138,4,138_smartphone_years_less_seniors,"['smartphone', 'years', 'less', 'seniors', 'among', 'leaving', 'navigating', 'menus', 'app', 'usage']","['seniors get confused navigating through complex smartphone and app menus', 'smartphone usage is less than 10% among seniors 75 years and older', 'smartphone usage is less than 5% among seniors 80 years and older']"
139,4,139_rehabilitation_assisted_during_aid,"['rehabilitation', 'assisted', 'during', 'aid', 'designed', 'devices', 'need', 'increased', 'time', 'for']","['increased rehabilitation time', 'need for assisted devices during rehabilitation', 'need for assisted devices during rehabilitation']"
140,4,140_prohibit_caregivers_insurance_coverage,"['prohibit', 'caregivers', 'insurance', 'coverage', 'new', 'million', 'live', 'may', 'costs', 'sufficient']","['sufficient coverage by caregivers may not be possible', 'insurance costs may prohibit live-in caregivers', 'insurance costs may prohibit live-in caregivers']"
141,4,141_climate_alarm_style_initiated,"['climate', 'alarm', 'style', 'initiated', 'other', 'conditions', 'type', 'alert', 'monitoring', 'only']","['monitoring emergency, alarm, climate, or other conditions', 'monitoring emergency, alarm, climate, or other conditions', 'monitoring emergency, alarm, climate, or other conditions']"
142,4,142_rape_hernias__,"['rape', 'hernias', '', '', '', '', '', '', '', '']","['rape', 'rape', 'rape']"
143,4,143_fertilization_vitro_performed_140,"['fertilization', 'vitro', 'performed', '140', 'were', 'cycles', 'ivf', 'approximately', 'efficiency', '000']","['low pregnancy and birth rates following in vitro fertilization (ivf) attempts', 'approximately 140,000 cycles of in vitro fertilization (ivf) were performed', 'approximately 140,000 cycles of in vitro fertilization (ivf) were performed']"
144,4,144_data_disturbed_coarse_placements,"['data', 'disturbed', 'coarse', 'placements', 'practical', 'samples', 'constantly', 'generated', 'camera', 'thus']","['insufficient data from practical sensor placements', 'coarse data generated by passive environmental sensors', 'samples are constantly moving thus being disturbed in their environment']"
145,4,145_e911_dispatch_architecture_connect,"['e911', 'dispatch', 'architecture', 'connect', 'critical', 'enough', 'call', 'calls', 'provide', 'location']","['call connect time is critical', 'current e911 architecture is unable to provide dispatch-quality location on enough calls', 'current e911 architecture is unable to provide dispatch-quality location on enough calls']"
146,4,146_residences_secure_loved_ones,"['residences', 'secure', 'loved', 'ones', 'safe', 'homes', 'own', 'disabled', 'these', 'anxiety']","['safety of loved ones alone at their homes', 'anxiety that these elderly and disabled persons are safe and secure in their own residences', 'anxiety that these elderly and disabled persons are safe and secure in their own residences']"
147,4,147_humiliating_embarrassing__,"['humiliating', 'embarrassing', '', '', '', '', '', '', '', '']","['embarrassing', 'humiliating', 'humiliating']"
148,4,148_bullying_schoolyard_cyber_physical,"['bullying', 'schoolyard', 'cyber', 'physical', 'in', 'the', '', '', '', '']","['cyber bullying', 'physical bullying in the schoolyard', 'physical bullying in the schoolyard']"
149,4,149_couple_overestimating_achieving_probability,"['couple', 'overestimating', 'achieving', 'probability', 'estimating', 'pregnancy', 'over', 'the', 'of', '']","[""overestimating the couple's probability of achieving a pregnancy"", ""overestimating the couple's probability of achieving a pregnancy"", ""overestimating the couple's probability of achieving a pregnancy""]"
150,4,150_child_ins_shut_avoiding,"['child', 'ins', 'shut', 'avoiding', 'well', 'becoming', 'safety', 'managing', 'parents', 'faced']","['child safety and well-being', 'child safety and well-being', 'caregivers and their patients becoming shut-ins or avoiding dangerous situations']"
151,4,151_overloaded_cellular_uselessness_telecommunications,"['overloaded', 'cellular', 'uselessness', 'telecommunications', 'stretched', 'congested', 'circuits', 'networks', 'registered', 'were']","['phone networks congested into uselessness', 'overloaded cellular circuits', 'traditional telecommunications were stretched and overloaded']"
152,4,152_higher_alone_being_risk,"['higher', 'alone', 'being', 'risk', 'of', '', '', '', '', '']","['higher risk of being alone', 'higher risk of being alone', 'higher risk of being alone']"
153,4,153_cell_shape_topology_division,"['cell', 'shape', 'topology', 'division', 'deformation', 'mass', 'changing', 'movement', 'due', 'or']","['cell shape deformation', 'changing topology of the cell mass due to the cell division/and or cell movement', 'changing topology of the cell mass due to the cell division/and or cell movement']"
154,4,154_work_among_workplace_nurses,"['work', 'among', 'workplace', 'nurses', '200', 'employees', 'yearly', 'injuries', 'handling', 'suffer']","['employees in nursing and personal care facilities suffer more than 200,000 patient-handling injuries yearly', 'work-related injuries among nurses', 'work-related injuries among nurses']"
155,4,155_post_surgery_while_surgical,"['post', 'surgery', 'while', 'surgical', 'intervention', 'unstable', 'potentially', 'associated', 'use', 'device']","['potentially unstable device while in use', 'post-surgery', 'post-surgery']"
156,4,156_pathological_gait_disorders_balance,"['pathological', 'gait', 'disorders', 'balance', 'spinal', 'keep', 'sometimes', 'correct', 'posture', 'who']","['pathological balance and gait disorders', 'pathological balance and gait disorders', 'pathological balance and gait disorders']"
157,4,157_threatening_potentially_complications_life,"['threatening', 'potentially', 'complications', 'life', 'stumbling', 'fatal', 'outcomes', 'risk', 'patient', 'or']","['life threatening or fatal outcomes', 'potentially life-threatening complications', 'potentially life-threatening complications']"
158,4,158_deterioration_worsening_acuteness_condition,"['deterioration', 'worsening', 'acuteness', 'condition', 'symptoms', 'medical', 'ohss', 'person', 'of', 'the']","['worsening of symptoms of ohss', 'deterioration of the medical condition', 'deterioration of the medical condition']"
159,4,159_inactivity_caused_depression_general,"['inactivity', 'caused', 'depression', 'general', 'by', '', '', '', '', '']","['inactivity caused by general depression', 'inactivity caused by general depression', 'inactivity caused by general depression']"
160,4,160_exist_functionally_variability_performance,"['exist', 'functionally', 'variability', 'performance', 'weakened', 'impediment', 'healthy', 'keeping', 'able', 'sufficient']","['elderly person or a person with reduced mobility and do not have sufficient muscles to rise to their feet by their own', 'walking impediment due to weakened muscle resulting from aging', 'challenges exist in keeping people healthy and functionally able as they age']"
161,4,161_costs_manufacturing_increased_affecting,"['costs', 'manufacturing', 'increased', 'affecting', '', '', '', '', '', '']","['increased costs', 'affecting manufacturing costs', 'increased costs']"
162,4,162_environmental_sensitive_potency_reduce,"['environmental', 'sensitive', 'potency', 'reduce', 'exposure', 'efficacy', 'medications', 'conditions', 'certain', 'these']","['medications are sensitive to certain environmental conditions', 'over-exposure to these environmental conditions can reduce the potency or efficacy of the medications', 'over-exposure to these environmental conditions can reduce the potency or efficacy of the medications']"
163,4,163_giver_little_space_burden,"['giver', 'little', 'space', 'burden', 'between', 'very', 'large', 'care', 'user', 'on']","['large burden on the care giver', 'very little space between the user and the care giver', 'very little space between the user and the care giver']"
164,4,164_ulcers_pressure_late_increases,"['ulcers', 'pressure', 'late', 'increases', 'admission', 'risk', 'the', 'of', '', '']","['late admission increases the risk of pressure ulcers', 'late admission increases the risk of pressure ulcers', 'late admission increases the risk of pressure ulcers']"
165,4,165_stress_stall_impede_even,"['stress', 'stall', 'impede', 'even', 'significant', 'development', 'embryo', 'may', 'physical', 'that']","['stress', 'physical stress that may impede or even stall embryo development', 'stress']"
166,4,166_industry_cost_30b_2012,"['industry', 'cost', '30b', '2012', 'falls', 'was', 'care', 'elderly', 'health', 'about']","['cost of falls in the elderly for the health care industry', 'cost of falls in the elderly for the health care industry', 'cost of falls in the elderly for the health care industry']"
167,4,167_anguish_confidence_maintaining_ambulating,"['anguish', 'confidence', 'maintaining', 'ambulating', 'independence', 'reduced', 'difficulty', 'mobility', 'in', 'and']","['difficulty in maintaining independence', 'anguish and reduced confidence in mobility', 'anguish and reduced confidence in mobility']"
168,4,168_ohss_risk_risks_potential,"['ohss', 'risk', 'risks', 'potential', 'of', '', '', '', '', '']","['risk of ohss', 'risk of ohss', 'risk of ohss']"
169,3,169_wandering_confused_panic_consequences,"['wandering', 'confused', 'panic', 'consequences', 'may', 'be', 'person', 'and', 'of', '']","['person may panic and be confused', 'consequences of wandering', 'wandering']"
170,3,170_occupants_distinguish_rough_suspension,"['occupants', 'distinguish', 'rough', 'suspension', 'outdoor', 'space', 'suitability', 'areas', 'adequate', 'hinder']","['hinder suitability for use in areas with limited floor space', 'not designed to provide adequate suspension for mobility over rough outdoor surfaces', 'distinguish between individual occupants in a space and multiple occupants']"
171,3,171_degrees_deficiency_clamping_losing,"['degrees', 'deficiency', 'clamping', 'losing', 'device', 'varying', 'relating', 'forces', 'instability', 'control']","['losing control of the device', 'varying degrees of deficiency relating to the instability of the device', 'large forces on the clamping device']"
172,3,172_seat_straight_vertically_raises,"['seat', 'straight', 'vertically', 'raises', 'harness', 'lowers', 'down', 'swings', 'basically', 'forcing']","['inadequate prior art in providing a seat or sling harness', 'seat raises straight up vertically and lowers straight down vertically', 'seat does not provide enough support as it swings up forcing the user to basically sit down on their own']"
173,3,173_erroneously_pedometers_movements_record,"['erroneously', 'pedometers', 'movements', 'record', 'than', 'often', 'walking', 'other', '', '']","['pedometers often erroneously record movements other than walking', 'pedometers often erroneously record movements other than walking', 'pedometers often erroneously record movements other than walking']"
174,3,174_expectant_hopeful_toll_parents,"['expectant', 'hopeful', 'toll', 'parents', 'trusted', 'upsetting', 'emotionally', 'emotional', 'perceive', 'they']","['emotionally upsetting if they perceive they are no longer trusted to be able to care for themselves', 'emotional toll on hopeful and expectant parents', 'emotional toll on hopeful and expectant parents']"
175,3,175_nutritional_homeostasis__,"['nutritional', 'homeostasis', '', '', '', '', '', '', '', '']","['nutritional homeostasis', 'nutritional homeostasis', 'nutritional homeostasis']"
176,3,176_tend_deteriorate_coordination_muscle,"['tend', 'deteriorate', 'coordination', 'muscle', 'balance', 'strength', 'age', 'with', 'and', 'to']","['coordination, muscle strength, and balance tend to deteriorate with age', 'coordination, muscle strength, and balance tend to deteriorate with age', 'coordination, muscle strength, and balance tend to deteriorate with age']"
177,3,177_parkinson_diseases_chronic_disease,"['parkinson', 'diseases', 'chronic', 'disease', 'such', 'as', '', '', '', '']","[""chronic diseases such as parkinson's disease"", ""chronic diseases such as parkinson's disease"", ""chronic diseases such as parkinson's disease""]"
178,3,178_unpredictable_efficacy_treatments_ivf,"['unpredictable', 'efficacy', 'treatments', 'ivf', 'low', 'these', 'treatment', 'success', 'cost', 'high']","['high cost of ivf treatment', 'low efficacy of ivf', 'success of these treatments is low and unpredictable']"
179,3,179_global_development_delay_poor,"['global', 'development', 'delay', 'poor', '', '', '', '', '', '']","['poor development', 'global development delay', 'poor development']"
180,3,180_privacy_invasive_concerns_issues,"['privacy', 'invasive', 'concerns', 'issues', 'systems', 'with', '', '', '', '']","['privacy concerns', 'privacy issues with invasive systems', 'privacy issues with invasive systems']"
181,3,181_hazard_property_significant_possible,"['hazard', 'property', 'significant', 'possible', 'life', 'to', '', '', '', '']","['possible hazard', 'significant hazard to property', 'significant hazard to life']"
182,3,182_variable_potential_term_implantation,"['variable', 'potential', 'term', 'implantation', 'development', 'for', 'and', 'to', '', '']","['variable potential for implantation and development to term', 'variable potential for implantation and development to term', 'variable potential for implantation and development to term']"
183,3,183_conception_cattle_rates_40,"['conception', 'cattle', 'rates', '40', 'range', '50', 'low', 'from', 'to', 'of']","['conception rates of cattle range from 40% to 50%', 'low conception rates', 'low conception rates']"
184,3,184_optimistic_overly_reporting_achieving,"['optimistic', 'overly', 'reporting', 'achieving', 'probability', 'birth', 'pregnancy', 'live', 'an', 'or']","['reporting an overly optimistic probability of achieving a pregnancy', 'reporting an overly optimistic probability of achieving a pregnancy or live birth', 'reporting an overly optimistic probability of achieving a pregnancy or live birth']"
185,3,185_emergent_prone_events_certain,"['emergent', 'prone', 'events', 'certain', 'persons', 'emergencies', 'at', 'may', 'personal', 'be']","['personal emergencies', 'at risk persons may be prone to certain emergent events', 'at risk persons may be prone to certain emergent events']"
186,3,186_stairs_adjacent_unwieldy_difference,"['stairs', 'adjacent', 'unwieldy', 'difference', 'unsuitable', 'height', 'unstable', 'between', 'large', 'on']","['unsuitable for use on stairs', 'unstable and unwieldy on stairs', 'large difference in height between adjacent stairs']"
187,3,187_cancer___,"['cancer', '', '', '', '', '', '', '', '', '']","['cancer', 'cancer', 'cancer']"
188,3,188_permanent_persistent_disability_temporary,"['permanent', 'persistent', 'disability', 'temporary', 'unavailability', 'death', 'functional', 'or', '', '']","['temporary functional unavailability', 'permanent or persistent disability or death', 'permanent or persistent disability or death']"
189,3,189_hospitalization_beds_hospital_expensive,"['hospitalization', 'beds', 'hospital', 'expensive', '', '', '', '', '', '']","['expensive hospital beds', 'hospitalization', 'hospitalization']"
190,3,190_content_resolution_displays_information,"['content', 'resolution', 'displays', 'information', 'requiring', 'storage', 'feasible', 'space', 'high', 'additional']","['requiring additional storage space when not in use', 'high information content displays require high resolution that is not feasible in low information content systems', 'low information content displays do not require high resolution']"
191,3,191_predominately_hand_second_hold,"['predominately', 'hand', 'second', 'hold', 'requiring', 'mechanical', 'handle', 'each', 'manually', 'operate']","['mechanical transfer devices require considerable strength to manually operate', 'predominately manual devices requiring the assistance of a second person', 'devices require the user to hold a handle with each hand']"
192,3,192_fracture_hips_broken_,"['fracture', 'hips', 'broken', '', '', '', '', '', '', '']","['fracture', 'fracture', 'broken hips']"
193,3,193_sensitivity_known_such_low,"['sensitivity', 'known', 'such', 'low', 'systems', 'for', '', '', '', '']","['low sensitivity for known systems', 'low sensitivity for such known systems', 'low sensitivity for such known systems']"
194,3,194_realize_unavailable_currently_activities,"['realize', 'unavailable', 'currently', 'activities', 'failure', 'that', 'are', 'to', '', '']","['failure to realize that activities are currently unavailable', 'failure to realize that activities are currently unavailable', 'failure to realize that activities are currently unavailable']"
195,3,195_elements_rolling_dedicated_does,"['elements', 'rolling', 'dedicated', 'does', 'feet', 'hinged', 'steering', 'leg', 'cane', 'conventional']","['front leg is hinged to the rear leg to enable steering of the rolling cane', 'conventional rolling walker does not have dedicated feet support elements', 'conventional rolling walker does not have dedicated feet support elements']"
196,3,196_wake_disruptive_degrade_begins,"['wake', 'disruptive', 'degrade', 'begins', 'sleep', 'rest', 'dramatically', 'periods', 'status', 'patterns']","['sleep/wake patterns', 'disruptive rest periods', 'physiological status begins to dramatically degrade with time']"
197,3,197_vulnerable_stigmatizing_looking_character,"['vulnerable', 'stigmatizing', 'looking', 'character', 'attached', 'fully', 'capable', 'after', 'individuals', 'these']","['vulnerable individuals', 'vulnerable individuals not capable of fully looking after themselves', 'stigmatizing character attached with the use of these']"
198,3,198_abutting_surfaces_tends_pinch,"['abutting', 'surfaces', 'tends', 'pinch', 'parts', 'causing', 'items', 'therebetween', 'wide', 'assistant']","['canvas sling tends to take more than one assistant to operate', 'abutting surfaces can pinch body parts or items therebetween causing damage or pain', 'extra wide abutting surfaces do not always provide sufficient strength for long term use']"
199,3,199_trouble_place_transported_another,"['trouble', 'place', 'transported', 'another', 'moving', 'otherwise', 'incapacitated', 'one', 'being', 'move']","['incapacitated or otherwise unable to move', 'trouble moving or being transported from one place to another', 'trouble moving or being transported from one place to another']"
200,3,200_transmitter_remote_receivers_range,"['transmitter', 'remote', 'receivers', 'range', 'positions', 'accuracy', 'known', 'which', 'limited', 'are']","['accuracy to which the positions of the receivers are known', 'limited range of the remote transmitter', 'limited range of the remote transmitter']"
201,3,201_arthritis_orthopedic_impairments_or,"['arthritis', 'orthopedic', 'impairments', 'or', 'and', '', '', '', '', '']","['arthritis and/or orthopedic impairments', 'arthritis and/or orthopedic impairments', 'arthritis and/or orthopedic impairments']"
202,3,202_daily_supervision_activities_of,"['daily', 'supervision', 'activities', 'of', '', '', '', '', '', '']","['supervision of daily activities', 'supervision of daily activities', 'supervision of daily activities']"
203,3,203_wireless_communications_present_direction,"['wireless', 'communications', 'present', 'direction', 'carried', 'limitations', 'passive', 'unit', 'distance', 'devices']","['passive unit-carried devices providing no distance and direction capabilities', 'limitations of present wireless communications devices', 'limitations of present wireless communications devices']"
204,3,204_geriatric_freely_facing_suffering,"['geriatric', 'freely', 'facing', 'suffering', 'diseases', 'about', 'moving', 'population', 'problems', 'increased']","['increased suffering from geriatric diseases', 'problems facing the geriatric population', 'geriatric patients moving about freely']"
205,3,205_obesity_prevalence_increase_suffer,"['obesity', 'prevalence', 'increase', 'suffer', 'from', 'in', 'the', 'of', '', '']","['suffer from obesity', 'increase in the prevalence of obesity', 'increase in the prevalence of obesity']"
206,3,206_vomiting_nausea_fatigue_,"['vomiting', 'nausea', 'fatigue', '', '', '', '', '', '', '']","['fatigue', 'nausea', 'vomiting']"
207,3,207_pains_muscular_pain_,"['pains', 'muscular', 'pain', '', '', '', '', '', '', '']","['pain', 'muscular pains', 'pain']"
208,3,208_vehicle_technical_autonomous_demand,"['vehicle', 'technical', 'autonomous', 'demand', 'usage', 'failure', 'low', 'for', 'of', '']","['low demand for autonomous vehicle usage', 'technical failure of a vehicle', 'technical failure of a vehicle']"
209,3,209_promote_postures_good_posture,"['promote', 'postures', 'good', 'posture', 'traditional', 'awkward', 'using', 'walker', 'required', 'methods']","['poor posture when using a traditional walker', 'do not promote good posture', 'awkward postures required by other methods']"
210,3,210_communication_infrastructure_undue_expense,"['communication', 'infrastructure', 'undue', 'expense', 'consist', 'medium', 'strain', 'include', 'some', 'using']","['9-1-1 “call” to include or to consist of only a communication using some other medium', 'undue expense/strain on the communication infrastructure', 'undue expense/strain on the communication infrastructure']"
211,3,211_security_event_related_,"['security', 'event', 'related', '', '', '', '', '', '', '']","['security related event', 'security related event', 'security related event']"
212,3,212_reaching_presents_button_task,"['reaching', 'presents', 'button', 'task', 'push', 'difficult', 'one', 'time', 'devices', 'the']","['one-time, push-button devices', 'reaching the button presents a difficult task', 'reaching the button presents a difficult task']"
213,3,213_skill_technological_operate_three,"['skill', 'technological', 'operate', 'three', 'operation', 'two', 'requires', 'least', 'more', 'require']","['requires at least two to three persons for operation', 'require more technological skill to operate', 'require more technological skill to operate']"
214,3,214_safety_need_individual_for,"['safety', 'need', 'individual', 'for', '', '', '', '', '', '']","['individual safety', 'need for safety', 'need for safety']"
215,3,215_needs_different_patients_care,"['needs', 'different', 'patients', 'care', 'the', 'of', '', '', '', '']","['different care needs', 'needs of the patients', 'needs of the patients']"
216,3,216_impaired_individuals_mobility_,"['impaired', 'individuals', 'mobility', '', '', '', '', '', '', '']","['mobility-impaired individuals', 'mobility-impaired individuals', 'mobility-impaired individuals']"
217,3,217_visibility_remote_precise_real,"['visibility', 'remote', 'precise', 'real', 'caller', 'caregivers', 'hearing', 'known', 'impaired', 'time']","[""hearing-impaired caller's precise location information may not be known"", 'lack of real time remote visibility for caregivers', 'lack of real time remote visibility for caregivers']"
218,3,218_repeated_fall_falling_,"['repeated', 'fall', 'falling', '', '', '', '', '', '', '']","['fall', 'fall', 'repeated falling']"
219,3,219_postural_alignment_mechanics_altered,"['postural', 'alignment', 'mechanics', 'altered', 'maintain', 'does', 'gait', 'unstable', 'motion', 'that']","['altered gait mechanics', 'unstable motion that does not maintain postural alignment', 'postural alignment']"
220,3,220_threatening_terror_attacks_,"['threatening', 'terror', 'attacks', '', '', '', '', '', '', '']","['threatening', 'threatening', 'terror attacks']"
221,3,221_acquire_affordable_friends_family,"['acquire', 'affordable', 'friends', 'family', 'costly', 'couple', 'economic', 'too', 'costs', 'user']","['economic costs to the couple', 'costly and not affordable for the family and/or friends', 'too costly for the home user to acquire']"
222,3,222_occupant_spring_match_forces,"['occupant', 'spring', 'match', 'forces', 'adjustment', 'find', 'impossible', 'weight', 'rise', 'feet']","['find it difficult or impossible to rise to their feet', 'require adjustment to match the spring forces to the weight of the occupant', 'require adjustment to match the spring forces to the weight of the occupant']"
223,3,223_speeding_movement_difficulty_,"['speeding', 'movement', 'difficulty', '', '', '', '', '', '', '']","['movement difficulty', 'speeding', 'speeding']"
224,3,224_wider_stair_separating_rear,"['wider', 'stair', 'separating', 'rear', 'front', 'depth', 'distance', 'typical', 'step', 'treadmill']","['leg is left on the belt of the treadmill', 'distance separating front and rear legs being wider than a typical stair step depth', 'distance separating front and rear legs being wider than a typical stair step depth']"
225,3,225_unapproved_content_parents_inconveniences,"['unapproved', 'content', 'parents', 'inconveniences', 'additional', 'by', '', '', '', '']","['additional inconveniences', 'content unapproved by parents', 'content unapproved by parents']"
226,3,226_unacceptable_chafing_skin_tears,"['unacceptable', 'chafing', 'skin', 'tears', 'discomfort', 'dangerous', 'person', 'the', 'and', 'to']","['discomfort to the person', 'unacceptable and dangerous chafing of the skin', 'skin tears']"
227,3,227_overload_interactive_information_facilitate,"['overload', 'interactive', 'information', 'facilitate', 'mechanism', 'communication', 'user', 'monitoring', 'no', 'for']","['information overload for the monitoring user', 'information overload for the monitoring user', 'no interactive mechanism to facilitate communication of information']"
228,3,228_adjustable_differing_sized_accommodating,"['adjustable', 'differing', 'sized', 'accommodating', 'heights', 'vertically', 'users', 'height', 'orientation', 'accommodate']","['orientation or posture', 'device is not height adjustable for accommodating different sized users', 'not vertically adjustable to accommodate users of differing heights']"
229,2,229_blocked_piece_tubes_seats,"['blocked', 'piece', 'tubes', 'seats', 'missing', 'complicated', 'one', 'or', '', '']","['complicated, one piece seats', 'blocked or missing tubes']"
230,2,230_embryonic_early_loss_high,"['embryonic', 'early', 'loss', 'high', 'rates', 'rate', 'of', '', '', '']","['high rates of embryonic loss', 'high rate of early embryonic loss']"
231,2,231_immobilized_temporarily_point_bedridden,"['immobilized', 'temporarily', 'point', 'bedridden', 'invalid', 'ridden', 'least', 'ambulatory', 'become', 'they']","['limited to non-ambulatory, invalid, or bed-ridden patient', 'patients can be immobilized to the point that they become at least temporarily bedridden']"
232,2,232_gonadotropin_determinations_hormone_side,"['gonadotropin', 'determinations', 'hormone', 'side', 'preparations', 'frequent', 'effects', 'need', 'from', 'for']","['need for frequent hormone determinations', 'side effects from the gonadotropin preparations']"
233,2,233_interference_sleep_reliance_degradation,"['interference', 'sleep', 'reliance', 'degradation', 'aids', 'daily', 'activities', 'physical', 'with', 'on']","['physical degradation and reliance on aids', 'interference with sleep or daily activities']"
234,2,234_unlikely_rush_restraining_orders,"['unlikely', 'rush', 'restraining', 'orders', 'enforce', 'specific', 'difficulty', 'person', 'home', 'is']","['specific person is unlikely to rush home', 'difficulty to enforce restraining orders']"
235,2,235_tormenting_passing_red_lights,"['tormenting', 'passing', 'red', 'lights', '', '', '', '', '', '']","['tormenting', 'passing red lights']"
236,2,236_stigmatised_stigma_invalid_fear,"['stigmatised', 'stigma', 'invalid', 'fear', 'discomfort', 'being', 'from', 'or', '', '']","['invalid stigma', 'discomfort or fear from being stigmatised']"
237,2,237_adding_awkward_components_system,"['adding', 'awkward', 'components', 'system', 'more', 'use', 'to', '', '', '']","['awkward to use', 'adding more components to a system']"
238,2,238_misuse_abort_tendency_potential,"['misuse', 'abort', 'tendency', 'potential', 'for', 'to', '', '', '', '']","['potential for misuse', 'tendency to abort']"
239,2,239_surround_essentially_enclosure_almost,"['surround', 'essentially', 'enclosure', 'almost', 'ridden', 'provide', 'bed', 'people', 'an', 'person']","['almost bed-ridden people', 'not provide an enclosure to essentially surround the person']"
240,2,240_overdose_bodies_danger_damage,"['overdose', 'bodies', 'danger', 'damage', 'their', 'an', 'to', 'of', '', '']","['damage to their bodies', 'danger of an overdose']"
241,2,241_activating_unobtrusive_technology_alarm,"['activating', 'unobtrusive', 'technology', 'alarm', 'capable', 'must', 'time', 'user', 'need', 'monitoring']","['lack of technology for unobtrusive monitoring', 'user must be capable of activating the alarm in time of need']"
242,2,242_localization_travels_then_base,"['localization', 'travels', 'then', 'base', 'becomes', 'transmitter', 'unit', 'far', 'remote', 'too']","['lack of real time localization', 'limited in that if a patient travels too far from the base unit, then the remote transmitter becomes out of range']"
243,2,243_becoming_effort_incapacitated_significant,"['becoming', 'effort', 'incapacitated', 'significant', 'get', 'caregiver', 'unable', 'help', 'from', 'and']","['significant effort from the caregiver', 'becoming incapacitated and unable to get help']"
244,2,244_reactions_drug_adrs_adverse,"['reactions', 'drug', 'adrs', 'adverse', '', '', '', '', '', '']","['adverse drug reactions', 'adverse drug reactions (adrs)']"
245,2,245_bent_waist_understand_where,"['bent', 'waist', 'understand', 'where', 'typically', 'space', 'posture', 'body', 'ability', 'is']","[""ability to understand where one's body is in space"", ""user's posture is typically bent at the waist""]"
246,2,246_precautions_contraindications_diminished_safety,"['precautions', 'contraindications', 'diminished', 'safety', 'medical', 'patient', 'and', '', '', '']","['diminished patient safety', 'medical precautions and contraindications']"
247,2,247_lumbago_larceny__,"['lumbago', 'larceny', '', '', '', '', '', '', '', '']","['larceny', 'lumbago']"
248,2,248_infecundity_robbery_severe_,"['infecundity', 'robbery', 'severe', '', '', '', '', '', '', '']","['robbery', 'severe infecundity']"
249,2,249_sitting_positions_changing_lying,"['sitting', 'positions', 'changing', 'lying', 'posture', 'between', 'standing', 'moving', 'person', 'from']","['moving between sitting and standing positions', 'changing posture of a person from sitting to lying']"
250,2,250_dignity_built_confidence_own,"['dignity', 'built', 'confidence', 'own', 'provide', 'unable', 'needs', 'patients', 'their', 'be']","['patients unable to provide for their own care', ""patient's dignity and confidence needs to be built""]"
251,2,251_recline_item_seating_sit,"['recline', 'item', 'seating', 'sit', 'infirm', 'furniture', 'rise', 'assisting', 'another', 'down']","['difficulty to sit down on an item of seating furniture', 'assisting infirm people to rise from and recline to a sitting position without help of another person']"
252,2,252_tub_hot_similar_bath,"['tub', 'hot', 'similar', 'bath', 'situations', 'out', 'other', 'getting', 'difficulty', 'get']","['difficulty for a patient to get in and out of a bath, hot tub, or other similar situations', 'difficulty getting in and out of a bath, hot tub, or other similar situations']"
253,2,253_weak_limbs_leg_strength,"['weak', 'limbs', 'leg', 'strength', 'conditions', 'of', '', '', '', '']","['weak leg strength', 'conditions of weak limbs']"
254,2,254_devastating_professional_toll_caregivers,"['devastating', 'professional', 'toll', 'caregivers', 'caregiver', 'expensive', 'on', '', '', '']","['expensive professional caregiver', 'devastating toll on caregivers']"
255,2,255_three_top_causes_40,"['three', 'top', 'causes', '40', 'admissions', 'hospital', 'death', 'elderly', 'one', 'people']","['40% of hospital admissions for elderly', 'one of the top three causes of death in elderly people']"
256,2,256_approaches_encounters_anything_terrain,"['approaches', 'encounters', 'anything', 'terrain', 'substantial', 'surfaces', 'limit', 'typical', 'further', 'walkers']","['typical approaches further limit the terrain one may move over', 'substantial limitations to such walkers when the user encounters anything other than even surfaces']"
257,2,257_sizable_smaller_families_caretakers,"['sizable', 'smaller', 'families', 'caretakers', 'near', 'longer', 'assist', 'another', 'challenges', 'living']","['challenges as families are often no longer living near one another', 'difficult for smaller caretakers to assist more sizable individuals']"
258,2,258_event_security_safety_related,"['event', 'security', 'safety', 'related', 'health', 'or', 'and', '', '', '']","['health, safety, and/or security related event', 'health, safety, and/or security related event']"
